{
	"location": [ -1070.4276123046875, -226, 258.21820068359375 ],
	"rotator": [ -19.999994277954102, 0, 0 ],
	"fov": 110,
	"aspect": 1.7777780294418335
}