{
	"location":
	{
		"x": -1.3999999761581421,
		"y": 9.5900001525878906,
		"z": 6.179999828338623
	},
	"target":
	{
		"x": 2.4505746364593506,
		"y": -0.98937010765075684,
		"z": -0.31999999284744263
	},
	"rotator":
	{
		"pitch": -30,
		"yaw": -70.000007629394531,
		"roll": 1.9717056147783296e-06
	},
	"fov": 90,
	"aspect": 1.7777780294418335
}