{
	"location":
	{
		"x": -1.3999999761581421,
		"y": 9.5900001525878906,
		"z": 8.5799999237060547
	},
	"target":
	{
		"x": 8.9669313430786133,
		"y": -18.892919540405273,
		"z": -8.9200000762939453
	},
	"rotator":
	{
		"pitch": -30,
		"yaw": -70.000007629394531,
		"roll": 1.9717056147783296e-06
	},
	"fov": 90,
	"aspect": 1.7777780294418335
}