{
	"location":
	{
		"x": 0.19999998807907104,
		"y": 0.19999998807907104,
		"z": 1.4099999666213989
	},
	"target":
	{
		"x": 3.4889242649078369,
		"y": 0.19999998807907104,
		"z": 0.21292982995510101
	},
	"rotator":
	{
		"pitch": -19.999994277954102,
		"yaw": 0,
		"roll": 0
	},
	"fov": 90,
	"aspect": 1.7777780294418335
}