{
	"location":
	{
		"x": 0.19999998807907104,
		"y": 0.19999998807907104,
		"z": 1.4099999666213989
	},
	"target":
	{
		"x": 3.6999998092651367,
		"y": 0.19999998807907104,
		"z": 1.4099999666213989
	},
	"rotator":
	{
		"pitch": 0,
		"yaw": 0,
		"roll": 0
	},
	"fov": 90,
	"aspect": 1.7777780294418335
}