{
	"location":
	{
		"x": 1.5999999046325684,
		"y": 0.39999997615814209,
		"z": 0
	},
	"target":
	{
		"x": 1.6499999761581421,
		"y": 0.39999997615814209,
		"z": 0
	},
	"rotator":
	{
		"pitch": 0,
		"yaw": 0,
		"roll": 0
	},
	"fov": 110,
	"aspect": 1.7777780294418335
}