{
	"location":
	{
		"x": -2.5,
		"y": 0.28999999165534973,
		"z": 4.7399997711181641
	},
	"target":
	{
		"x": 0.53108882904052734,
		"y": 0.28999999165534973,
		"z": 2.9900000095367432
	},
	"rotator":
	{
		"pitch": -30,
		"yaw": 0,
		"roll": 0
	},
	"fov": 90,
	"aspect": 1.7777780294418335
}