{
	"location":
	{
		"x": -1.3999999761581421,
		"y": 9.5900001525878906,
		"z": 8.5799999237060547
	},
	"target":
	{
		"x": -0.36330687999725342,
		"y": 6.7417078018188477,
		"z": 6.8299999237060547
	},
	"rotator":
	{
		"pitch": -30,
		"yaw": -70.000007629394531,
		"roll": 1.9717056147783296e-06
	},
	"fov": 90,
	"aspect": 1.7777780294418335
}