{
	"location":
	{
		"x": 0.18793851137161255,
		"y": 0.19999998807907104,
		"z": 1.3415958881378174
	},
	"target":
	{
		"x": 3.4768626689910889,
		"y": 0.19999998807907104,
		"z": 0.14452575147151947
	},
	"rotator":
	{
		"pitch": -19.999994277954102,
		"yaw": 0,
		"roll": 0
	},
	"fov": 90,
	"aspect": 1.7777780294418335
}