{
	"directionLights": [
		{
			"strength":
			{
				"x": 0.80000001192092896,
				"y": 0.80000001192092896,
				"z": 0.80000001192092896
			},
			"direction":
			{
				"x": 0.24368855357170105,
				"y": -0.50209689140319824,
				"z": -0.82976776361465454
			},
			"position":
			{
				"x": -8.0999994277954102,
				"y": 13.699999809265137,
				"z": 10.699999809265137
			}
		}
	]
}