{
	"directionLights": [
		{
			"strength":
			{
				"x": 0.80000001192092896,
				"y": 0.80000001192092896,
				"z": 0.80000001192092896
			},
			"direction":
			{
				"x": 0.32717734575271606,
				"y": -0.58937376737594604,
				"z": -0.73864305019378662
			},
			"position":
			{
				"x": -18.899999618530273,
				"y": 15,
				"z": 23.289999008178711
			}
		}
	]
}